brand,average_price
1031,44.51
14k co.,174.39874999999998
180s,22.495
1883 by Wolverine,149.95
20-001707000,8.34
29 Porter Rd,40.120000000000005
2Bhip,47.7
32 Degrees,4.99
32north/Stabilicers,50.95
361 Degrees,90.0
3N2,62.8111111111111
3N2 Sports,70.39999999999999
3dRose,19.14
3dRose LLC,16.18
5.11 Tactical,72.41909090909091
500 LEVEL,50.0
7 For All Mankind,115.99333333333334
ADIDAS,42.0
AIR BALANCE,27.0
AIR JORDAN,295.9975
ALLEN EDMONDS,150.0
AMERICAN FIGHTER,48.0
AND1,40.593333333333334
ANDREW MARC,274.995
ASICS,90.67244680851063
ATB,5.99
Abercrombie Fitch,135.0
Acacia,23.056
Academie,50.37731707317074
Acorn,14.95
Adam Levine,22.49
Adamsbuilt Fishing,105.64
Adee Kaye,209.955
Adeyro,6.45
Adidas,93.80179487179487
Adidas Crazy 8 NY Knicks,59.99
Adidas Crazy1 Kobe BB shoes,59.99
Adolfo,34.964999999999996
Adtec,41.54
Aearo,150.12
Aeromax,77.65375
Aeropostale,36.644999999999996
Air Jordan,294.995
Aisun,51.98
Akadema,49.95
Aldo,78.70714285714287
Alessandro Monelli,38.995000000000005
Alexander McQueen By Puma,169.12666666666667
Alexanders,25.47
Alfani,26.357499999999998
Allen Edmonds,327.45
Alpine,62.98
Alpine Swiss,64.4487037037037
Alpinestars,57.33833333333333
Altra,80.0
Alvaro Planchart,232.84625
Alwin,45.14
American Coin,84.16
Ameta,8.25
AnaZoz,35.52
Anarchy,15.95
Andrew Marc,110.24249999999999
Andrew Stevens,39.99
Animal Peds,18.99
Apis Footwear,134.95
Arc'teryx,165.8225
Argyle Culture,4.25
Ariat,133.685
Armani Jeans,138.5
Arnette,82.47
Arrow,9.440000000000001
Ash City - North End,79.485
Asics,48.405
Aston Grey Collection,120.995
Athletech,14.489999999999998
Athletic Works,17.54
Attipas,30.9025
Augusta Sportswear,30.41
AvaCostume,14.989999999999998
Avia,32.63133333333334
Azzuro,43.75892857142857
BACKJOY,24.99
BAR III,45.9
BB126,58.99
BB195,50.870000000000005
BC Footwear,61.989999999999995
BLACKHAWK!,124.32300000000001
BLANK,124.49
BOC MENS,36.745
BOSS HUGO BOSS,102.0451724137931
BOSS MFG COMPANY,31.39
BOSTANTEN,78.978
BRAHMIN,149.99
BROWNING,15.966
BURBERRY,198.45736842105262
Bacco Bucci,169.64000000000001
BackSpacer,20.7
Bad Boy,63.843333333333334
Badger,15.03
Baffin,122.68222222222224
Baffin Inc,152.22666666666666
Baigio,108.59
Ballcap Buddy,6.94
Banded Gear,82.49
Bar III,59.24400000000001
Bata Shoe,46.14
Bates,122.27499999999999
Bearpaw,48.36071428571428
Beberlis,79.99
Becko,57.95
Bed Stu,189.995
Bedroom Athletics,28.9925
Belvedere,382.95
Ben Sherman,73.54400000000001
Benefit Wear,19.99
Bergmann,113.0
Berne Apparel,78.59045454545455
Bewild,29.99
Bgood,125.18567567567567
Bianchi,14.175
Bico,19.5
Big Accessories,13.105
Big Bear,6.97
Big Dogs,13.32
Bijou,593.08
Billabong,24.47
Billionaire Boys Club,136.0
Bills Khakis,80.0
Bioworld,39.99
Birkenstock,124.34375
Bishilin,27.200000000000003
Bisley Workwear,58.91
Blac Label,16.49
Black Butler,16.84
Blackbird,63.489999999999995
Blackhawk,54.6875
Blackstone,284.95
Bling Jewelry,14.190000000000001
Blundstone,143.12142857142857
Bobux,68.95
Bodek And Rhodes,70.45625
Body Glove,43.608
Bogs,82.515
Bokos,17.804117647058824
Boreal,159.0
Born,86.67714285714285
Boss Hugo Boss,376.594
Boston Harbour,69.99
Boston Traveler,43.99
Bostonian,51.61875
Boulet,260.0
Bradley Cradwell Inc,20.5625
Brahma,49.76
Breckelle's,44.485
Brinley Co.,39.99
Brioni,4185.075
Broken T,338.0
Brooks,66.245
Brunello Cucinelli,454.18999999999994
Bruno Magli,389.5
Buckle Rage,12.61
Buffalo David Bitton,84.01625
Bulova,82.495
Burk'S Bay,200.581
Bushnell,119.995
Bzees,57.58
B��rn,84.91666666666667
C1rca,26.99
CARHARTT,30.0
CARRERA,134.85
CAT,85.53999999999999
CATAPULT,24.99
CCILU,65.77333333333334
CET Domain,101.6575
CLC,28.575
COLUMBIA,99.98
COOLOMG,28.21
CORTECH,169.57333333333335
COSMAS JAVA,169.43
CTM,11.555
CUFFLINK INC,31.060000000000002
Cabela's,14.99
Calcutta,52.99
California Costume,31.27
California Costumes,31.716666666666665
Callaway,76.65666666666667
Calvin Klein,66.75823529411764
Calvin Klein Jeans,82.71000000000001
Canada Goose,451.25
Canada Weather Gear,156.994
Canvas Leather Bags,79.97307692307692
Captain Fin Co.,49.95
Care Apparel,15.99
Carhartt,30.194
Carhartt Carbondale by Pyramex Safety,222.99
Caribbean Joe,47.99
Carrera,114.21506493506493
Carroll Leather,19.59
Carve,73.01
Cashel,20.0
Casio,337.13
Castelli,19.49
Castle X Racewear,189.99
Cat Footwear,92.602
Caterpillar,112.04483870967742
Cestus,90.81958333333334
Chaco,112.22
ChalkTalkSPORTS,30.99
Challenger,1.59
Champ,5.75
Champion,22.9375
Chaps,7.49
Character,16.99
Charles By Charles David,61.495
Charles River Apparel,24.95
Chass��,14.89
Checkered Pattern Watch,24.405
Chevron Pattern Watch,22.99
Chinook Technical Outdoor,59.3125
Chippewa,192.3272727272727
Chocolat Blu,74.995
Chouinard,44.47
Christian Dior,355.0
Chrome,68.995
Chums,11.046904761904763
Cinch,162.4925
Circa Joan & David,41.43125
Citizen,623.4375
City Hunter,6.905
Claiborne,18.95
Clarks,64.73272727272727
Clorts,125.9975
Co7de,58.8
Coach,186.5025
Cobian,13.0
Cocoons,12.27
Coggs,11.5
Cold Front,36.57333333333334
Cole Haan,124.58294117647058
Coleman,75.12083333333332
Coleman Stearns,84.285
Columbia,72.179375
Comfy Feet,26.304285714285715
Complete Medical,16.83666666666667
Concepts Sports,24.99
Conch Umbrellas,21.09
Converse,52.60673611111111
Coogi,33.32666666666666
Coool,5.25
Cordova Safety Products,97.35
Corneliani,400.0
Corona,24.95
Corona Tools,9.98
Coronado,39.95
Costa,197.95
Costa Del Mar,166.03555555555556
Covington,7.1625
Covona,6.95
Craft,25.52
Craftsman,28.71125
Creative Recreation,69.7486842105263
Crevo,69.71000000000001
Croakies,7.475
Crocs,36.864375
Crooks Castles,75.495
Crucible,30.4
Cubavera,10.94
Cudas,25.0
Cudas Footwear,22.49
Cufflink Aficionado,125.0
Cushe,32.48727272727273
Custom Leathercraft,27.63416666666667
Customised_Perfection,33.49
CuteMe,13.82
Cycleur de Luxe,98.99333333333334
D555,25.95
DANIEL WELLINGTON,125.901
DAWGS,17.240000000000002
DC,51.121818181818185
DDI,289.5411111111111
DDSOL,34.495
DESMIIT,9.84
DGK,9.98
DIM,27.29
DOCKERS,28.11076923076923
DRAGON,117.0
DREW,100.0
Dabuyu,49.99
Daily Charms,2.99
Dakine,35.69
Damascus,26.25
Dan Post,228.08222222222219
Dan Post Boots,299.95
Daniel Wellington,65.0
Danner,130.27454545454546
Dapper World,16.99
Darn Tough,16.95
Daxx,30.48944444444444
Ddi,455.5683333333333
DeMarini,14.95
DeadStockSunglasses,9.99
Dearfoams,20.618823529411763
Deer Stags,37.37428571428571
Defeet,46.754999999999995
Deli Aldo,47.985
Deluxe Comfort,24.95
Denim & Supply Ralph Lauren,47.065
Design By Humans,48.375
Designer,149.99
Despicable Me 2,45.102
Devon & Jones,23.997142857142858
Dexter,148.013
Diamond Rubber,49.89
Diamondback,41.31428571428571
Diamondback Fitness,39.27
Dickies,36.07345679012345
DieHard,70.0
Diesel Black Gold,204.995
Dije,48.9
Dije California,14.99
Dirty Dog,59.99
Disguise Costumes,26.55
Disney,25.0
Dockers,37.05789473684211
Dolce & Gabbana,115.56833333333333
Dolce Gabbana,160.84230769230768
Dolce e Gabbana,165.0
Dolomite,74.81411764705882
Donald J Pliner,322.245
Dr. Martens,107.62818181818182
Dr. Martens Air Wair,104.99
Dr. Martens Work,125.0
Dr. Scholl's,43.3603125
Dragon,156.2111111111111
DragonBall Z,54.0
Dreamgirl,1.0
Dressdown,29.546666666666667
Drew,155.63
Dunlop,49.99
Dupont,158.20166666666668
Durango,124.40666666666665
Dvs,49.11611111111111
Dyed,16.266666666666666
E2 Sport Balance,36.0
EAMES,56.32
ECCO,125.03909090909089
EDDIE BAUER,99.99
ELLIE SHOES,59.46
ENVIROGUARD,77.86
ERGOMATES,31.34
ESCAPE,41.666666666666664
Eastland,63.558125000000004
Easy USA,139.0411111111111
Ecco,149.995
Ecosusi,48.815
Eddy Bros.,233.64166666666665
Edwards,59.830000000000005
El Naturalista,161.34909090909093
Elasta,98.828
Electric,111.73066666666666
Electric Visual,137.655
Ellie Shoes,42.845
Elvis Presley,36.45
Embassy,43.870000000000005
Emerica,43.99
Empire,16.95
Emporio Armani,128.64666666666668
Emporio Armani EA7,177.0
Epinki,27.884999999999998
Ermenegildo Zegna,408.33
Estwing,26.9675
Etnies,45.787
Evelots,8.49
Everlastreg,9.566666666666668
Evolatree,23.49
Excell,25.99
Exposure Project,29.99
Extreme Storm,17.0
Exustar,96.83
FLIZZARDS,26.95
FORUM NOVELTIES,39.99
FQ,7.88
FUBU,14.99
FUN WORLD,34.656666666666666
Faconnable,145.99333333333334
Faded Glory,17.36625
Fallen,39.95
Famous Maker,39.774
Fantasyard,22.99
Farts Candy,36.45
Fat Doxie,37.49
Ferrari,266.401875
Ferrini,275.7918181818182
Ferro Aldo,50.835
Fila,46.921470588235294
Fila Work,39.99
Filament,32.82666666666667
Filson,181.66
Fire Dex,516.7216666666667
Firefly,79.99
Fireside Casuals,23.814999999999998
FitFlop.,59.49
Fitflop,108.70176470588235
Five Ten,90.83333333333333
Flojos,33.64666666666667
Florsheim,71.41571428571429
FootJoy,336.848
Forever Collectible,20.99
Forever Collectibles,41.06999999999999
Forum Novelties,31.736428571428572
Fossa Apparel,77.62222222222222
Foundry,19.49
Fox Outdoor,10.254999999999999
Fox Outdoor Products,41.94
Frabill,158.9725
FrenchChimp,16.502499999999998
Frontier Natural Foods,45.895
Fruit of the Loom,28.594
Frye,152.1357142857143
Fuel,10.98
Fun World,29.40642857142857
Funkier,60.825
Funtasma,70.30333333333334
Fuse Lenses,49.90808219178082
G ANTINI,28.46
G-Star Raw,138.72
GANESHA HANDICRAFT,43.333333333333336
GANESHA HANDICRAFTS,35.99666666666667
GBX,45.19199999999999
GENERIC SURPLUS,77.745
GIORGIO ARMANI,156.15
GLOVEWORKS,76.08500000000001
GOGO,26.725
GOLD BROTHERS,247.975
GOLDTOE,39.495
GUESS,39.99
Game Time,11.47
Gameday Boots,227.05439024390242
"Ganesha Handicraft """"",38.75
Gargoyles,76.76
Gearonic,37.49
Gem Stone King,167.495
Generic,20.360000000000003
Generic / Unbranded,9.648
Generic Surplus,49.16
Genuine Dickies,47.064
Genuine Grip,70.453
George Strait,22.656666666666666
Georgia Boot,163.86736842105265
Geox,131.274375
Geronimo,11.9
Gertex,25.471666666666664
Gianfranco Ferre,112.495
Gianvito Rossi,456.0
Gifts,19.99
Gifts Infinity,23.55
Giorgio Brutini,56.92100000000001
Gitzo,62.66
Givenchy,148.88
Glasses by me,31.7
Global Glove,284.49800000000005
Gola,26.99
Gola Classics,69.95
Gold Toe,26.974
Golden Retriever Footwear,89.99
Gootium,45.99333333333334
Gordon Rush,201.99428571428572
Gorila,249.495
Gourmet,51.42
Grabbers,42.99
Gravity Defyer,89.99
Great Northern,16.99
Grenade,45.95
Grendene,21.445
Gucci,324.21125
Guess,41.795
Guide Gear,49.98499999999999
Guinness,25.610000000000003
H.S. Trask,116.99000000000001
HABIT,17.97
HAO_BO,22.435
HAYABUSA,59.99
HLC,74.27000000000001
HOLLOWAY,16.986666666666665
HOOey,253.5
HUDSON,36.5
HUF,36.352
HUGO BOSS,203.565
Habitattrade,9.98
Haggar,41.196666666666665
"Halloween Resource Center, Inc.",37.075
Handmade,50.36125
"Handmade""""",44.525454545454544
Handmadecraft,95.62
Hanes,15.09
Hang Ten,39.99
Hanro,11.5
Hao-bo,37.99
Happy Socks,12.0
Harley-Davidson,46.71666666666667
Hats & Caps Shop,27.5
Hawaiian Classics,27.495
Hayward,9.031666666666666
Hazrati,349.10375
Healing Hands,32.995
Heaton,41.117999999999995
Helly Hansen,78.73045454545455
Herman Survivors,69.78
Hey Dude,52.49
Hi-Tec,54.74888888888889
HideAways by L.B. Evans,26.3425
HighWalkers,12.95
HindaWi,41.215
Hippy Tree,74.72
Hogan by Tod's,164.64666666666668
Hoka,149.99
Hoka One One,122.37666666666667
Holdup Suspender Company Inc,30.21
Homemade Brand,15.0
Honeywell,37.244
Hospeco,71.25
Huf,57.335
Hugo Boss,199.75
Hugo by Hugo Boss,138.85
Hulkamania,18.95
Hunter,153.99
Hush Puppies,72.4525
IB EVA Slippers,5.0
IMPACTO,35.574
INBLUE,9.495
INC,22.291249999999998
INDEPENDENT,14.485
IRON AGE,118.4175
ISOTONER,21.0
Iceblink,198.0
Icebreaker,89.39
Icebug,129.97
Icon,245.0
Idakoos,27.365000000000002
In Season Jewelry,24.293333333333333
Incharacter,47.69
Inked Creatively,42.49
Interceptor,36.17
Invicta,502.6336363636364
Iron Fist,10.0
Island Surf,29.98
Isotoner,24.406666666666666
Itasca,75.19
Izod,19.886666666666667
J'colour,10.89
J's Awake,12.99
J. Lindeberg,74.245
J. Renee,18.99
J.D. Fisk,229.0
J75 by Jump,66.194
JACK SPADE,345.28
JAMBU,81.495
JD Fisk,122.31
JORDAN,144.975
JUSTIN ORIGINAL WORKBOOTS,147.03071428571428
J`S AWAKE,37.95
Jaald,68.92
Jaco,44.95
Jacques Lemans,174.84235294117647
Jefferies Socks,11.025
Jellan,38.46666666666666
Jerzees,19.6125
Jewelry Adviser Clasp Style Charms,43.4775
Jewelry Adviser Figurine,30.534999999999997
Jewelry Adviser Gifts,93.0290909090909
Jewelry Adviser Link Bracelets,110.145
Jewelry Adviser Nfl Gifts,170.76500000000001
Jewelry Adviser Nfl Watches,114.45
Jewelry Adviser rings,234.16166666666666
Jewelryweb,161.54375
Jobst,71.46428571428571
Joes,82.8
John Deere,99.91
John Varvatos,77.99333333333333
Johnston & Murphy,97.14166666666665
Jordan,124.55908536585365
Joseph Abboud,39.98
Josmo,45.94
JumbosCreations,189.48
Just Keep Livin,22.126666666666665
JustOneStyle,28.21
Justin,164.17239130434783
Justin Boots,171.78878048780487
K- Swiss,70.0
K-Swiss,55.3625
K-swiss,56.5375
K. Bell,8.99
K2,199.95
KATAHDIN GEAR,210.99
KAZ HOME ENVIRONMENT,29.98
KC CAPS,11.99
KENNETH COLE NY,10.55
Kamik,69.9225
Kathmandu,114.9875
Kaukko,31.7625
Keen,106.5323076923077
Kenetrek,235.36999999999998
Kenneth Cole,54.97625
Kenneth Cole NY,101.31837209302327
Kenneth Cole New Yor,120.0
Kenneth Cole New York,123.0
Kenneth Cole Reaction,69.19833333333332
Kenneth Cole Unlisted,41.2475
Kenox,39.233333333333334
Keuka SureGrip,66.221
Key Apparel,37.0
Keystone,58.64
Kimberly-Clark,113.97
Kinco,128.6436507936508
Kirkland Signature,12.95
Kiss Ties,7.270999999999999
Knit Comfort,6.99
Koolertron,87.2025
Korkers,96.89500000000001
Ky Co,17.955
Kylin Express,21.56
L.B. Evans,45.97166666666667
LESSIE,34.24
LEVI STRAUSS & CO.,20.0
LOUIS M GERSON,10.44
La Sportiva,119.25999999999999
LaCrosse,130.37545454545455
LaCrosse Footwear,141.026
Laco/1925,335.47499999999997
Lacoste,80.34545454545454
Lakai,51.745
Lamo,38.99
Lands' End,20.194
Lanvin,298.495
Laredo,119.36923076923077
Latico Leathers,122.99
Lauren Ralph Lauren,34.99
Lee,16.59
Leg Avenue,131.15153846153845
"Leg Avenue, Inc.",59.97666666666667
Lencca,105.16666666666667
Les Miserables,53.785
Levi Strauss,18.13
Levi's,41.3305
Lexmark,326.49
Liberty,2900.0
Licenced,74.24
Lifeguard,66.11500000000001
London Fog,64.99
Loro Piana,80.0
Lotto,175.0
Louis Vuitton,1458.0
Lowa,219.95
Lucchese,535.495
Lucien Piccard,322.495
Lucky Brand,97.442
Lugz,60.995000000000005
Luminox,664.596
MARC JACOBS,349.95
MARTIN TOOLS SPROCKET GEAR INC,19.9375
MAUI AND SONS,16.192
MCR Safety,56.98333333333333
MEPHISTO,271.995
MEZLAN,147.0
MG,10.366666666666667
MG:GN,16.99
MICHAEL Michael Kors,41.99
MIKO LOTTI,39.99
MIKOLOTI,33.655
MILWAUKEE ELECTRIC TOOL,266.625
MLB,16.59
MO&Y,46.99
MOD Activewear,65.0
MOUNTAIN GEAR,52.24
MR.CHAOS,34.99
MSA,22.95
MUCK BOOTS,100.675
MUK LUKS,32.23103448275862
Madden,52.46
Maelstrom Tactical,59.99
Magic show,14.49
Magid Glove Safety,98.33500000000001
Magid Glove and Safety (Industrial),57.49
Magnanni,149.99
Magnum,109.30999999999999
Maison Martin Margiela,440.49
Majestic Glove,15.29
Mancini Leather Goods,127.99000000000001
Mapa professional,155.75947368421052
Marc Ecko Cut & Sew,73.745
Marc Gold,117.205
Marc Jacobs,299.98
Margaritaville,23.99
Mark Nason,89.65833333333335
Marvel,25.0
Masimo Capori,36.99
Masimo New York,27.495
Massimo Matteo,86.32333333333334
Maui Jim,191.71864864864864
Maurice Lacroix,1989.9
Maximum Safety,54.835
McDavid,55.6375
McRae Footwear,188.95
Mechanix Wear,22.0
Medline,22.064285714285713
Mega Cap,5.029999999999999
Memphis Glove,13.07
Mens,39.95
Mens High Waist Pants Slimming Pants,25.0
MensUSA.com,249.54545454545453
Mephisto,220.8135714285714
Mercanti Fiorentini,184.12
Merino,87.0
Merona,34.98
Merrell,88.2875
Metro Jewelry,58.995
Mezlan,388.22249999999997
Michael Kors,270.32666666666665
Micro Flex,23.959999999999997
Milwaukee,118.88
Minnetonka,55.375
Minnetonka Men,83.95
"Minnetonka Moccasin Company, Inc.",49.95
Mintcraft,25.740000000000002
Minx NY,28.975
Mitchell & Ness,45.0
Mitre,12.99
Mizuno,80.14450000000001
MoAndy,58.489999999999995
Moda Essentials,50.105
Modern Vintage,168.32333333333335
Moneysworth & Best,12.25
Montana Silversmiths,96.5
Montblanc,495.0
Montrail,57.97
Morphic,680.6055555555555
Morris Costumes,40.8375
Mosiso,8.49
Mossy Oak,26.02
Mountain Hardwear,95.97125
Mountain Khakis,59.115
Muck,155.07714285714286
Muck Boot,156.98
MuckBoot,131.21249999999998
Musto,541.88
My Daily Styles,18.04
My Team,12.530000000000001
My Times Jew,68.85666666666667
My Wholesale Spot,129.495
MyTime Jew,35.5
N I K E,48.98
NATIONAL SAFETY APPAREL,188.49
NATIVE,20.993333333333336
NBA,20.95
NCAA,22.986666666666665
NDS Wear,24.494999999999997
NEO,52.375
NEONBLOND,54.782
NETTAILOR,409.0
NEW BALANCE,34.067142857142855
NFL,25.107222222222223
NIKE,99.15807692307693
NIKE - Kobe,149.99
NIKE AIR JORDAN,47.99
NIKE AIR JORDAN I,69.0
NIKE Air Jordan,209.99
NIKE SB,44.99
NIXON,238.7311111111111
NORCROSS SAFETY,74.38
NUNN BUSH,38.0
Naot,55.28333333333334
National Basketball Association (NBA),11.45
National Safety Apparel Inc,196.00591836734696
Natural World,31.589999999999996
Naturalizer,69.4925
Nautica,32.435
Navali,158.9
Neff,25.95
Neil M,210.0
Nerd Optix,5.99
New Balance,74.72505586592179
New Balance Numeric,58.995000000000005
New Era,31.99
NewBalance,69.95
Newton Running,54.95
Nike,97.6631256952169
Nike Air Jordan,125.0
Nike Golf,29.994999999999997
Nike Jordan Future Low,99.99
Nike Lunarglide 7,79.99
Nike SB,81.58
Nintendo,49.47
Nitrogen,10.25
Nixon,388.0111111111111
Noble Outfitters,219.97
Nobles Health Care Products,14.985
Nocona,232.20785714285714
NorCross,36.443333333333335
Norcross Safety,17.424999999999997
Norcross Safety Prod,25.173333333333336
Norcross Safety Products,64.785
North Face,80.99333333333333
North Safety / Honeywell,112.0
North Star Gloves,5.88
Northside,15.99
Novelty Socks,13.99
Nu-Source,30.2
Nunn Bush,69.98
O'Neill,29.326666666666664
O'neal,98.99
OAKLEY,111.54
OFFICIAL LICENSE NBA,22.69
OGIO,69.7325
ONGUARD,44.18
OOFOS,54.95
OTTO:DAKOTA,17.334999999999997
OTTO:GN,16.18
OZONE,35.13181818181818
Oakley,132.9336
Ocean Pacific,7.95
Odor-Eaters,7.99
Ogio,108.391
Old Friend,58.2275
Old Gringo,417.49
Old Navy,6.01
Old Time Hockey,12.0
Old West,120.7
Oliver Sweeney,495.0
OluKai,90.38333333333333
Olympia Tools,12.99
One Golf Sports,39.841818181818184
Onitsuka Tiger,52.9775
Oofos,44.95
Op,6.7425
Original Penguin,28.79
Original S.W.A.T.,105.365
Original SWAT,94.115
Ouray,120.0
Outback Trading,27.99
Outdoor Cap,30.93
Outdoor Life,12.176666666666668
Oxigen,8.268
Ozark Trail,14.93
Ozone,20.843333333333334
P.KU.VDSL,70.99
P.W. Minor,121.495
PACCILO,453.0
PACIFIC TRAIL,55.0
PARIKHS,39.625
PF FLYERS,41.64666666666667
PF Flyers,37.995
PF-Flyers,64.99
PHAT FARM,30.9675
PIKOLINOS,107.9
POC,170.0
POLAROID,9.554
POLASPORTS,49.95
POLO Ralph Lauren,42.089999999999996
PONY,45.75
PRETTY PERSUASIONS,20.9
"PRIMESOURCE, INC.",22.505
PROTONIC,7.723333333333334
PUMA,71.47917981072555
PUMA SAFETY SHOES,122.93666666666667
Pacific Trail,19.0
Pajar,126.3
Pakems,43.371111111111105
Palladium,71.23
Panda Superstore,20.125
Patrick Ewing,72.0
Paul Green,231.995
Peak,72.21
Pearl iZUMi,144.9205681818182
Pele Sport,68.5
PerFit��,23.470000000000002
Perry Ellis,17.873333333333335
Perry Ellis Portfolio,17.94
Persol,197.0
Peter Grimm,39.95
Peter Millar,75.0
Physio Room,64.37666666666667
PiercingJ,4.545
Pikolinos,70.0
Pleaser Shoes,42.95
PleaserUSA,62.31857142857143
Plixio,12.99
Police,157.576
Polo,47.0
Polo Ralph Lauren,70.6962
Polo Ralph Lauren Golf,79.97
Polo Sport Ralph Lauren,53.99
Porsche Design,269.485
Portwest,42.56061224489797
PowerSox,21.994999999999997
Prada,271.5352941176471
Prada Sport,279.95
Primitive,18.99
Principle Plastics,29.0975
Principle Plastics Inc,27.6
Project Emotion,75.32666666666667
Propet,68.99375
Propper,118.67083333333333
Puentes Denver,14.283333333333331
Puma,70.51277777777779
Puma Safety Shoes,173.375
Puss N Boots,39.95
Pwatch,18.59
QZUnique,56.7
Quiksilver,29.465833333333332
RALPH LAUREN,128.52
RANGER BY HONEYWELL,99.80000000000001
RAVEN FIGHTWEAR,49.99
RBX,49.99
RCS,49.49
RDX,47.1775
REACTOR,349.95
RENAISSANC,19.95
REVO,135.5
RG Costumes,12.295
RJ's Fuzzies,68.55
ROYER,271.64
RUBIES,54.745000000000005
RYAN SEACREST,30.97
Radnor,54.705000000000005
Rafters,21.277142857142856
Rainbow,50.0
Rainbow Sandals,35.035
Ralph Lauren,667.4178367346939
Ralph Lauren Polo,89.99
Ralph Lauren RLX,89.0
Ralph Marlin,9.95
Randolph,219.24
Rapid Dominance,41.14
Rasco FR Mfg,57.739999999999995
Rasta Imposta,68.315
Ray Ban,136.54466666666667
Ray-Ban,132.49035714285714
RayBan,249.95
RayPants,69.08500000000001
Raywinter,34.61
Rctech,39.25666666666667
Reaction Kenneth Cole,120.0
Realtree,18.906666666666666
Red Wing,266.6333333333333
Red Wing Heritage,389.0
Red Wing Shoes,195.99
Reebok,61.032934131736525
Reebok NFL Equipment,23.0
Reef,44.26307692307692
Reef Footwear,54.99
Revo,128.698
Ride Snowboards,229.95
Rider,23.435
Ridge,84.67
Ridge Footwear,99.5
Ridge Outdoors,98.195
River City Garments,226.75
Roadmate Boot Co.,111.95
Roamer of Switzerland,460.17555555555555
Robert Graham,147.32666666666668
Robert Wayne,74.98916666666666
Rocawear,21.73375
Rock & Republic,16.99
Rock Revival,107.69411764705882
Rockport,75.4925
Rockport Works,133.0
Rocky,142.61517241379312
Rod Patrick,400.32666666666665
Roebuck Co.,38.44714285714286
Roper,87.06777777777778
Rossi,137.0
Rothco,27.80416666666667
Roundtree & Yorke,19.95
Route 66,21.915
Royce Too Llc,40.875
Rubie's,28.89625
Rubie's Costumes,67.24380952380952
Rubies,49.417
Rubik's Cube,36.45
Rugged Blue,13.46
Rugged Shark,73.28333333333335
Rush by Gordon Rush,53.99
Rycore,23.25
S.E.G,134.96833333333333
SA,20.26
SANDAL KING,11.99
SCOTT JAMES,21.875
SCRUB ZONE,22.994
SEAN JOHN,30.51
SEOBEAN,28.09
SERVUS BY HONEYWELL,62.206
SHANHAI,112.75
SHOES FOR CREWS,56.35
SHREE KRISHNA HANDICRAFT,40.0
SILVERHOOKS,27.99
SKECHERS,68.86727272727272
SOD,2023.425
SOFT SCIENCE,47.45
STARTER,18.05
STC,149.0525
SUN68,75.995
Sabatier,99.95
Saddle Tramp,43.99
Safety Gear,79.180625
Saint Laurent,557.5
Salvatore Ferragamo,245.19714285714286
Samsonite,90.89750000000001
Sandro Moscoloni,135.0
Sansha,80.0
Santoni,565.0
Sanuk,41.07928571428572
Saturday Night Live,45.99
Saucony,59.861666666666665
Savane,75.0
Saxx,14.496666666666664
Scan,122.08
Scape,182.01
Scarpa,158.14166666666665
Schott,100.0
Schutt Sports,79.37
Scott,46.212500000000006
Scully,193.69261904761905
Sea Of Diamonds,2999.34
Sealed Air,60.745000000000005
Sean John,64.99
Seavees,91.094
Sebago,67.47
Sechunk,28.75
Seek Optics,25.246315789473684
Seiko,238.23000000000002
Seirus Innovation,8.603333333333333
Sendra,420.0
Sendra Boots,334.495
Serengeti,205.0936363636364
Servus,62.509473684210526
Sharper Image,5.6899999999999995
Shelby Specialty Gloves,126.675
Shimano,217.4725
Shining Deals Jewelry,15.88
Shock Doctor,6.0
Shoe Goo,7.99
Showa Best Glove,242.42
"Showa Best Glove, Inc",26.9675
Signature by Levi Strauss &amp; Co,30.22
Silhouette,219.99
Silver Elements Charms,15.95
Silver Jeans,90.0
Silver Lilly,29.99
Silvertoe,12.611666666666666
Siviglia,251.29999999999998
Skechers,47.70111111111111
Slippers International,39.65833333333333
Sloggers,18.195
Smart Step,36.51461538461538
SmartWool,70.72
Smiffy's,51.99
Smiffys,31.623333333333335
Smiffy���s,50.03333333333333
Smith & Wesson,20.99
Snickers,65.17
Snickers Next Generation,87.0
So Chic Jewels,36.666666666666664
SockBin,23.99
Sockwell,16.214444444444442
Soft Touch,54.95
SoftScience,55.974000000000004
Sole,99.95
Sonoma,25.0
Sons of Anarchy,49.99
Sons of Intrigue,102.495
Sorel,101.13714285714286
Sourcingmap,7.605
Speedo,17.313333333333333
Spenco,49.72
Sperry,88.73555555555555
Spiewak,21.52
Spiffy Custom Embroidered Caps,14.95
Spinnaker,316.665
Spira,105.63333333333333
Sport,8.95
Sport Wrap,7.95
Spring Step,29.94
Spy,123.47458333333333
Spy Optic,149.0
Spyder,111.975
Stackable Expressions,75.12
Stacy Adams,61.75043478260869
Stafford,48.137142857142855
Stance,10.95
Star Trek,26.990000000000002
Star Wars,27.81
Starter,10.99
Static Footwear,34.95
Steel Blue,192.92000000000002
Stetson,338.99
Steve Madden,40.992000000000004
Stillwater Supply Co.,39.995
Stormy Kromer,132.25
Structure,27.659999999999997
Studio Ink,69.995
Stuhrling Original,291.84666666666664
SummitFashions,67.235
Superior Glove Works,136.14700000000002
Supra,46.34
Susan G Komen,20.0
Svs,132.115
Swear,240.0
Swear London,128.995
Swims,169.0
Swiss Legend,221.37
TA Sandal,24.99
TAG Heuer,384.9875
TAILIAN,29.19
THE ORIGINAL MUCK BOOT CO.,127.47200000000001
THOR,50.37833333333333
TIDING,109.0
TIMBERLAND PRO,85.995
TINGLEY RUBBER,21.96923076923077
TINGLEY RUBBER CORP.,37.142
TOMS,47.834868421052626
TONY LAMA BOOT CO.,175.8557142857143
TOP-BAG,135.485
TOTES ISOTONER,22.656666666666666
TRETORN,48.745
TSUBO,134.995
TUMI,192.64
TW Steel,266.197
TYR,41.0
Tactical 5.11,75.22
Tag Heuer,1103.462
Tallia,4.25
Tasso Elba,5.78
Team Beans,24.99
"Team Beans, L.L.C",226.72
Tecs,8.91
Ted Baker,123.99
Telic,39.96333333333334
Tempco,67.475
Tempur-Pedic,64.95
Tesh,70.27714285714286
Testosterone Shoes,80.995
Teva,46.964
Texas Steer,46.656666666666666
The Generic Man,162.99
The North Face,112.22583333333334
The Original Muck Boot Company,151.98333333333332
TheDapperTie,12.99
TheSiliconValley,10.735
Thomas Earnshaw,330.985
Thorogood,125.0
Thrive Camp Tactical,14.12
Tie Bar,28.27
Tifosi,127.25
Timberland,113.05764705882353
Timberland PRO,129.29500000000002
Timberland Pro,139.594
Timex,40.700909090909086
Tin Haul,305.99
Tingley,15.85
Tissot,935.235
To Boot New York,259.9
Tod's,354.99666666666667
Tom Ford,304.69666666666666
Tommie Copper,3.9176470588235293
Tommy Bahama,57.63666666666666
Tommy Hilfiger,66.4304347826087
Tomount,29.14
Toms Footwear,38.49
Tony Lama,203.9925
TooLoud,20.943125000000002
Top-Flite,6.475
Toptie,16.61
Touch Ups,53.25699999999999
TourMaster,51.99
Townforst,44.19111111111111
Toy Machine,9.98
TrailHeads,21.905
Traser,342.0
Tredsafe,26.39
Tretorn,45.628181818181815
TrevCo,43.95
Trevco,17.380000000000003
Triumphal Arch,10.323333333333332
Trooper America,16.29
Troy Lee Designs,14.815000000000001
Tru-spec,77.87454545454545
True Religion,264.97
Trugel,19.99
Tsubo,116.97
Twisted X,194.48250000000002
Twisted X Boots,129.99
U.S. Polo Assn.,42.06714285714286
UGG,100.17
UNDER ARMOUR,49.99
US Polo Assn,71.995
US Toy,16.36
Ugg Australia,117.08599999999998
Unbranded,57.76014925373134
Unbranded/Generic,12.995454545454544
Under Armor,64.95
Under Armour,78.61898305084745
Unique Bargains,13.802499999999998
Unique's Shop,23.865
Univibe,14.09
Unlisted Kenneth Cole,51.98666666666666
Utopia Wear,20.485
VALUE BRAND,33.69764705882353
VANGODDY,67.47
VANS,48.73321608040201
VENUM,62.71
VIONIC BY ORTHAHEEL,119.95
Van's,39.99
Vans,54.96260869565218
Vans AV78,4.99
Vans Footwear,52.182
Vasque,170.28142857142856
Vega Technical Gear,43.57
Venom,25.66
Versace,269.95
Vesuvio Napoli,17.11
Vibram,97.2475
Viking,97.2525
Vince,45.125
Vine Branch,30.0
Vionic,149.95
Vionic with Orthaheel Technology,176.45
Visconti,127.99
Vision Street Wear,40.42666666666667
Vito Rossi,68.19
Vogue,112.885
Volcom,75.27
Volley,27.594
Von Zipper,59.99
VonZipper,139.0
Voodoo Tactical,73.59333333333333
Vuarnet,89.0
WINTHROP,19.192
WISCONSIN BADGERS,52.0
WISHPETS,19.75625
WIZIKOREA,32.99
WOLVERINE WORLDWIDE,113.76714285714286
WORK MASTER,75.19
Walk Over,19.99
Walleva,30.156666666666666
Warrior Superheat,89.99
Watch Experts,33.95
Weatherproof,32.76777777777777
Weaver Leather,63.45
Weld Guard,76.99
Wells Lamont,26.905714285714286
Wembley,15.49
Westchester,160.49
Whose Lemon,35.64
Wilson,72.475
Wilsons Leather,25.99
Wings & Horns,159.5
Wings + Horns,79.51
Winn International,24.470000000000002
Wishpets,33.065
Wolfbike,20.605
Wolverine,141.06
Wolverine Worldwide,116.24222222222222
Wood N Stream,169.99
Woolrich,114.01272727272726
Work America,80.592
Worksense,19.95
World Famous Sports,44.99
World Of Jewelry,32.483333333333334
Wrangler,21.44157894736842
Wrangler Riggs,19.95
X Loop,8.49
XOB,0.99
Xloop,9.99
Xtratuf,153.42
Xtreme Couture,29.99
Your Wholesale Source,9.0
Yupoong,10.630714285714285
Zanzara,195.0
Zebella,49.1475
Zeckos,49.98333333333333
Zectron Digital,54.95
Zephyr,32.475
Zildjian,30.0
Zoot,61.24
Zorrie,9.18
adidas,110.61252032520325
batman,15.0
craftmanship,43.75
elope,15.18625
ganesha handicraft,45.0
handmade,35.0
handolederco.,105.07
hanes,4.89
iBraggiotti,1151.315
inew(not oakley),15.99
made in Korea,97.85
mizuno,107.0
munsingwear,25.0
new,13.043333333333335
nike,117.796
north face,69.99
ox and bull trading co.,18.28333333333333
peterluckyi,29.99
phone Accessories,89.39
polare,275.74666666666667
puma,1100.0
ralph lauren,34.96
sumaclife,24.47
sunglasses restorer,26.5
teemzone,56.28666666666666
totes,23.54125
unbranded,47.54
under armour,167.49
wings + horns,380.0
